9;486.34593561291695
9;467.41017885506153
9;465.29203094542027
9;467.8135421127081
9;476.8785247579217
9;465.24893678724766
9;467.90570206940174
9;471.28078807145357
9;456.84742648154497
9;466.1702234297991
9;465.38691595196724
9;472.6087339222431
9;474.6450800448656
9;456.22333139181137
9;460.4668626561761
9;454.4703746214509
9;473.3788836747408
9;464.4011966884136
9;473.2021037489176
9;466.5809376165271
9;467.52525120973587
9;454.42573819309473
9;473.16653095185757
9;473.55448361486197
9;473.3459856361151
9;463.85267470031977
9;462.49406412243843
9;466.269101947546
9;457.018761895597
9;459.135957993567
9;459.10695008933544
9;463.3632153272629
9;459.0599462389946
9;469.66906171292067
9;467.4048498272896
9;463.40271458029747
9;458.0298224464059
9;460.01214254647493
9;464.26638774573803
9;503.9341766387224
9;459.86148435622454
9;457.66771771013737
9;453.8425775244832
9;453.80470249801874
9;464.77667335420847
9;464.39220756292343
9;460.59555653482676
9;456.9895761087537
9;451.6053209081292
9;471.42559569329023
9;452.91225146502256
9;456.08836598694324
9;468.36453303694725
9;446.93494215607643
9;449.6500641107559
9;461.09441202133894
9;457.4713222682476
9;454.1238062083721
9;455.5109478533268
9;456.14881347864866
9;456.46157395094633
9;470.6125408411026
9;452.83245481550694
9;453.2706579193473
9;460.26552002876997
9;452.2318998351693
9;461.39455027878284
9;464.0698553994298
9;453.0141530558467
9;473.3435548841953
9;464.23957869410515
9;461.60405687987804
9;464.2003532499075
9;461.1070789396763
9;454.4455222785473
9;465.51254112273455
9;467.0337736606598
9;459.3841889873147
9;466.4403749629855
9;468.8973594456911
9;462.87663374096155
9;456.4937762916088
9;468.9055820927024
9;458.3032801747322
9;458.44220742583275
9;474.42437149584293
9;466.3005108013749
9;465.96226003021
9;457.948287948966
9;456.59253746271133
9;462.81981840729713
9;461.84245496988297
9;461.4306325092912
9;455.3966913372278
9;453.34256533533335
9;453.0447646975517
9;457.76051096618176
9;470.97194474190474
9;466.82732179760933
9;463.71971908956766
9;459.14414525032043
9;468.3939293026924
9;465.6031271442771
9;467.89882611483335
9;467.5335455685854
9;470.0536308810115
9;461.28345653414726
9;459.4884663820267
9;464.50166776776314
9;465.11962451040745
9;465.9986440092325
9;473.7575938925147
9;469.1972341388464
9;461.3405652344227
9;463.564976118505
9;469.5153459906578
9;458.3473466336727
9;464.30482156574726
9;467.18236058950424
9;464.74279556423426
9;457.72811491042376
9;469.4835115224123
9;459.02153104543686
9;465.97252134233713
9;461.76023315638304
9;466.77782107144594
9;454.8718621954322
9;462.71602157503366
9;471.96012921631336
9;471.70291654765606
9;461.5404102951288
9;462.64801546931267
9;456.08341600745916
9;453.78614868968725
9;470.17777524888515
9;543.1040907278657
9;458.1015296280384
9;464.0915095806122
9;462.20329962670803
9;464.33456242084503
9;466.94137062877417
9;469.0893227234483
9;463.6253518983722
9;467.5509389489889
9;462.37607672810555
9;463.578131981194
9;458.9665401726961
9;463.41351605951786
9;474.3603151291609
9;459.93805304169655
9;465.44389240443707
9;462.5155106186867
9;477.394612506032
9;469.07083597034216
9;463.48040737211704
9;471.7049365863204
9;463.66891264915466
9;467.1814888715744
9;474.20141100883484
9;468.37514266371727
9;466.50861855596304
9;470.2417925000191
9;463.7849796563387
9;464.0336874872446
9;467.9629812017083
9;463.15154153853655
9;465.83081502467394
9;467.1661853790283
9;469.286335632205
9;469.77380383759737
9;468.2409977540374
9;459.67508759349585
9;467.5130322575569
9;470.4654151573777
9;468.1683983653784
9;466.64683520793915
9;465.5026951804757
9;469.81181763112545
9;472.12804295122623
9;468.2571617886424
9;480.05127068609
9;480.2711810916662
9;481.06103017926216
9;476.4666436240077
9;482.3967143893242
9;469.13673635572195
9;464.09278456121683
9;470.90527415275574
9;471.18605487048626
9;458.0717980861664
9;462.5993547961116
9;460.08726209402084
9;457.9785168170929
9;464.90931045264006
9;459.1427780687809
9;467.12835039943457
9;465.7799880951643
9;461.5013189613819
9;459.1868408024311
9;458.42173509299755
9;465.2727823704481
9;463.3640153333545
9;469.63980328291655
9;463.52036856114864
9;468.4837106615305
9;473.3999688178301
9;466.1053391173482
9;466.3653774186969
9;474.27521739155054
9;464.06167931854725
9;455.6946149095893
9;463.67594972252846
9;467.0227076858282
9;463.0445968359709
9;469.5349093526602
9;469.62061524391174
9;462.3383292928338
9;461.2249881029129
9;465.35530406981707
9;462.66022603958845
9;467.0125637203455
9;459.2673685401678
9;460.07507387548685
9;470.07495537400246
9;462.39396184682846
9;465.82949068397284
9;465.6447395682335
9;468.4237949550152
9;469.36000511050224
9;469.7293657809496
9;462.1850047260523
9;462.8196023404598
9;472.38091100007296
9;468.16679183393717
9;470.05678713321686
9;463.6665303260088
9;467.0463791117072
9;461.1496366560459
9;469.89285573363304
9;477.15304140001535
9;467.2329481691122
9;469.83067132532597
9;473.58797397464514
9;462.27874979376793
9;478.71567588299513
9;462.40123361349106
9;465.6791668385267
9;464.3250750377774
9;469.75087746977806
9;462.8021251410246
9;479.5549865812063
9;472.38343209028244
9;465.17908852547407
9;462.534231133759
9;457.7681580558419
9;468.77761371433735
9;463.64864334464073
9;461.44699212163687
9;464.17920012027025
9;463.6108474805951
9;463.16093392670155
9;466.41109697520733
9;469.8649076744914
9;473.32320269197226
9;461.6016084328294
9;465.2897631749511
9;460.66113468259573
9;468.57365500181913
9;461.09361201524734
9;464.8751737549901
9;459.19020008295774
9;460.0629433989525
9;458.9232997968793
9;469.3900793790817
9;476.087617687881
9;469.55667342990637
9;469.29262205958366
9;469.0858256071806
9;474.5243350043893
9;471.56505938619375
9;472.52960223704576
9;463.5481396690011
9;468.342755921185
9;472.7571317926049
9;471.70766443014145
9;484.16929226368666
9;471.1307603865862
9;475.8075447753072
9;462.32212521135807
9;472.49837033450603
9;468.04388985037804
9;476.6923766583204
9;467.0253926888108
9;467.0749306678772
9;467.68776793032885
9;474.3761355057359
9;468.77934597432613
9;473.7472627311945
9;474.42279756069183
9;475.4335545003414
9;474.3364527821541
9;469.91883497685194
9;478.83348632603884
9;458.6415383964777
9;477.4582404643297
9;471.16951923817396
9;470.64517345279455
9;474.7246662154794
9;466.04381036013365
9;471.96676954627037
9;469.46385875344276
9;468.5321440920234
9;462.1826075017452
9;461.3059349358082
9;468.4849986806512
9;462.0414115488529
9;469.892174936831
9;467.1234032139182
9;464.9839838966727
9;465.76820220798254
9;456.346046179533
9;469.16933823376894
9;483.99810772389174
9;472.0206158235669
9;463.88813480734825
9;463.68130948394537
9;466.45661164075136
9;478.71608566492796
9;472.3940212279558
9;470.521692186594
9;471.40487655997276
9;470.3904390335083
9;465.7771335914731
9;466.3762953132391
9;465.02372343093157
9;465.963089838624
9;472.39128313958645
9;475.3220295533538
9;470.59499751776457
9;475.30260402709246
9;466.97923727333546
9;471.9011848792434
9;469.9443690478802
9;471.84040304273367
9;467.6319332793355
9;473.5297793522477
9;464.10463377833366
9;466.9041149318218
9;468.9255263656378
9;467.02675987035036
9;470.2676199376583
9;470.8623802289367
9;468.28304417431355
9;473.67739770561457
9;465.6781041994691
9;469.7602801024914
9;468.6365695670247
9;474.36127066612244
9;467.54535008221865
9;471.1506934836507
9;474.3158305063844
9;477.24682185798883
9;465.37783090025187
9;466.26243833452463
9;465.14692436903715
9;465.3699891641736
9;471.8892816454172
9;457.5096080079675
9;470.7341082394123
9;472.5996507331729
9;462.98712585121393
9;474.3661032989621
9;468.81311386823654
9;468.20495277643204
9;473.16630464047194
9;472.80699107795954
9;472.241229377687
9;472.57133945822716
9;466.0147028043866
9;463.46314437687397
9;475.2727309241891
9;465.36603197455406
9;472.66284096986055
9;469.3278018385172
9;463.4270053356886
9;472.0013327896595
9;474.49617087841034
9;465.23858793079853
9;472.41952177137136
9;459.09557584673166
9;476.13236028701067
9;468.28682254999876
9;468.3323400095105
9;465.4265334829688
9;469.6380225941539
9;474.0817919373512
9;469.7327557951212
9;461.45451348274946
9;470.87341360747814
9;465.2168042957783
9;464.65548407286406
9;467.11933985352516
9;472.48547337949276
9;492.1915428712964
9;474.3930147960782
9;471.8749923631549
9;470.24564910680056
9;467.73571986705065
9;461.12728398293257
9;468.9934914931655
9;468.4714190661907
9;469.385945238173
9;459.482260979712
9;470.3371673822403
9;462.2051939368248
9;472.70303312689066
9;467.1743828803301
9;458.75440165400505
9;461.84320002794266
9;488.35080675780773
9;465.15667252242565
9;464.50721472501755
9;468.79001148045063
9;464.52018432319164
9;463.82124070078135
9;467.72651467472315
9;471.1330533027649
9;472.5433262065053
9;465.5748549848795
9;473.32202084362507
9;467.1114981174469
9;475.5403473973274
9;479.05637696385384
9;463.6295363306999
9;473.25236815959215
9;468.11094507575035
9;471.0264606401324
9;470.00348661094904
9;474.0650337189436
9;465.67984763532877
9;478.07111870497465
9;468.12007762491703
9;466.3782827556133
9;462.27478981018066
9;467.60664228349924
9;462.30387687683105
9;465.96927754580975
9;470.49951925873756
9;469.3606235086918
9;477.3114174604416
9;473.73373806476593
9;471.01453971117735
9;481.3466193154454
9;467.457078397274
9;479.96761929243803
9;473.42765610665083
9;474.4451455771923
9;473.2928490266204
9;466.4533408358693
9;471.8088638037443
9;468.0471746250987
9;471.2103456258774
9;470.70770151913166
9;468.93271803855896
9;480.4864274337888
9;472.6352132856846
9;467.17776637524366
9;464.9059949442744
9;470.00992204993963
9;470.5062359571457
9;474.07413460314274
9;468.3346627280116
9;476.9867230206728
9;474.4027154520154
9;479.484710842371
9;464.7392500191927
9;468.76305900514126
9;476.85728315263987
9;472.6143255829811
9;467.9455664008856
9;476.6731122508645
9;456.980399787426
9;465.7710362225771
9;465.9486124292016
9;486.7769880220294
9;459.0292163193226
9;469.32496037334204
9;466.2158992141485
9;469.6274260058999
9;469.3820960819721
9;475.25053285062313
9;472.41608425974846
9;472.555935382843
9;479.8789070919156
9;469.67719681560993
9;471.4490594342351
9;474.7287007048726
9;470.67412827163935
9;472.6851461455226
9;467.4759805202484
9;524.9489601701498
9;474.3476705625653
9;475.3498276695609
9;471.85283340513706
9;472.4366767331958
9;474.49877858161926
9;468.7287453562021
9;461.547726765275
9;477.1644501015544
9;469.43963412195444
9;471.7162996530533
9;467.916457913816
9;462.12540566921234
9;461.5521226078272
9;457.4917145073414
9;466.32192377001047
9;468.4051275253296
9;461.06234285980463
9;469.7489207610488
9;466.23161900788546
9;472.71366976201534
9;463.64221442490816
9;459.1317605227232
9;476.5561204403639
9;475.1698961481452
9;470.60361597687006
9;470.4349609091878
9;476.93462390452623
9;467.4983788281679
9;472.53280133008957
9;465.7559432089329
9;473.31919986754656
9;465.01377411186695
9;472.34002128243446
9;469.90524511784315
9;469.59975361824036
9;473.9608187228441
9;472.87331614643335
9;465.2706068009138
9;473.44304248690605
9;468.7008811160922
9;478.23231015354395
9;476.7113411799073
9;475.1340840011835
9;472.0305697992444
9;472.8084057569504
9;463.50552048534155
9;467.1189868822694
9;474.45145435631275
9;480.71728833019733
9;468.59594993293285
9;466.74890629947186
9;465.78454226255417
9;463.2014371454716
9;471.34145721793175
9;466.58961568027735
9;467.98617765307426
9;467.65542309731245
9;467.38732419908047
9;477.51858178526163
9;465.32441210001707
9;475.3670170903206
9;478.4734882414341
9;466.6017908602953
9;466.3740526884794
9;467.7758663892746
9;469.9380677193403
9;474.89161789417267
9;474.17012322694063
9;473.345547914505
9;471.2169226258993
9;472.0159601420164
9;474.65388756245375
9;463.5331928730011
9;469.43105198442936
9;469.5447627454996
9;469.4666313007474
9;465.36598075181246
9;469.8453126475215
9;466.8752895668149
9;469.7465477511287
9;467.6145361736417
9;459.3650959432125
9;471.8849528580904
9;471.5270670130849
9;462.4339286237955
9;465.72728641331196
9;471.76830004900694
9;476.96563228964806
9;458.60277581959963
9;463.6965002864599
9;455.82127571105957
9;470.3137828037143
9;459.5667514950037
9;465.40228091180325
9;463.70829083025455
9;464.0991445630789
9;463.16234208643436
9;467.0556792989373
9;474.61886797100306
9;472.69992996007204
9;469.8915099725127
9;479.0013348683715
9;469.07240711152554
9;470.10662779212
9;476.71129554510117
9;470.52900679409504
9;472.8263048455119
9;467.51838829368353
9;475.8946029469371
9;466.5693240240216
9;474.2325684055686
9;465.3213154524565
9;476.87471378594637
9;471.05814423412085
9;466.79002419114113
9;467.7282255142927
9;474.67778343707323
9;468.60011108219624
9;466.0117356106639
9;471.2076298892498
9;460.36304999142885
9;471.2594486773014
9;459.3521589413285
9;465.52098263055086
9;459.1078171506524
9;475.9726384654641
9;459.8689014092088
9;463.93297892063856
9;469.4292200729251
9;463.2415296509862
9;464.34932202100754
9;474.76878203451633
9;456.20293635874987
9;465.05492366850376
9;462.7490760758519
9;464.4051920622587
9;461.9926465675235
9;467.4171609804034
9;467.5986049696803
9;472.22669050097466
9;461.6442508995533
9;465.963626280427
9;477.00192872434855
9;471.4937647804618
9;473.2071394100785
9;473.87990914285183
9;478.62779442220926
9;467.7039198577404
9;471.5838395059109
9;467.8521417081356
9;467.4929063767195
9;466.83420334011316
9;469.95649859309196
9;468.69330201298
9;464.65473994612694
9;463.4917136281729
9;471.6867431998253
9;464.3028201535344
9;469.56667117774487
9;468.87980680912733
9;468.64462178200483
9;463.6662369593978
9;465.3964852914214
9;470.7171032205224
9;475.7754784077406
9;465.9180920571089
9;469.5262387394905
9;477.1257918328047
9;474.17982667684555
9;473.8277969881892
9;473.6380483955145
9;468.33995170891285
9;476.354593411088
9;475.19813664257526
9;471.8930907547474
9;468.6418976634741
9;475.07934365421534
9;476.4981521293521
9;479.0479736402631
9;473.69241155683994
9;481.75053764134645
9;477.3297952488065
9;468.2586584240198
9;479.799035936594
9;475.3775652498007
9;463.47357146441936
9;469.5123126730323
9;475.8660038933158
9;472.35522139817476
9;474.4081050157547
9;468.91280822455883
9;469.5247011259198
9;465.8891009166837
9;475.9509349241853
9;472.99535293132067
9;482.995287515223
9;469.08396668732166
9;478.38099114596844
9;467.1864779666066
9;477.04582661390305
9;476.042278110981
9;461.1025070771575
9;472.96643536537886
9;466.2512531504035
9;474.4528504088521
9;457.2008065879345
9;466.3420729339123
9;468.79896987229586
9;475.34699365496635
9;471.1991501972079
9;467.5404718145728
9;459.90726817399263
9;465.2883177623153
9;479.1553486138582
9;475.48707388341427
9;470.2492468059063
9;475.79013742506504
9;478.39557472616434
9;464.6413419395685
9;463.8936836272478
9;473.8036245107651
9;465.39935655891895
9;470.82565631717443
9;471.49911150336266
9;473.20540249347687
9;464.51210882514715
9;470.0047867372632
9;462.778776884079
9;469.0820863470435
9;466.0453172400594
9;476.0492919012904
9;475.64471513032913
9;468.17255951464176
9;468.52142084389925
9;471.0628492757678
9;469.4911241531372
9;475.1588562503457
9;474.79933872818947
9;465.0914026424289
9;474.7930411249399
9;471.2700182572007
9;471.1227463558316
9;465.5276546254754
9;471.55948355793953
9;473.78373704850674
9;476.8976951017976
9;472.1675282344222
9;472.9532450437546
9;471.8173900619149
9;464.7274725139141
9;473.4738674014807
9;469.42566987127066
9;464.670043438673
9;476.9713645800948
9;464.99856654554605
9;471.54365573078394
9;465.0163212791085
9;474.7427050024271
9;465.4177110642195
9;465.5352458357811
9;470.8286924287677
9;469.46642361581326
9;474.6831087395549
9;469.66272313147783
9;471.7877618968487
9;469.05373502522707
9;473.72020222246647
9;466.72794222831726
9;512.0334746316075
9;467.3317242413759
9;466.1695407703519
9;463.89638539403677
9;472.4457347765565
9;467.6305018365383
9;462.14346773922443
9;476.40745993703604
9;476.6583815217018
9;469.8851369321346
9;475.64462944865227
9;467.3949358984828
9;467.6276193931699
9;463.41363433748484
9;462.99945190548897
9;456.1432106420398
9;479.3030424043536
9;470.3878406435251
9;462.2327173128724
9;478.6958293989301
9;462.25158404558897
9;469.2107066512108
9;465.6164441257715
9;462.0614806190133
9;460.9334683045745
9;467.917550355196
9;479.0085135027766
9;472.66509383916855
9;471.0199711844325
9;473.9305218681693
9;476.27878934144974
9;466.14093985408545
9;467.4869766458869
9;474.0721322596073
9;470.7439411431551
9;467.68004074692726
9;472.31831308454275
9;466.04972053319216
9;468.01730804145336
9;466.2051387131214
9;472.29751385748386
9;472.0379989594221
9;474.33274425566196
9;472.7767836302519
9;476.9549621269107
9;470.1309921219945
9;472.08455111831427
9;465.0847064331174
9;473.81820529699326
9;462.8059482201934
9;465.00517427921295
9;464.12508375942707
9;460.6591407209635
9;461.01207844913006
9;465.4070707038045
9;466.0451142117381
9;468.2799708098173
9;472.2125260159373
9;470.58708872646093
9;469.34474166482687
9;474.1675602272153
9;466.97096712887287
9;462.08213083446026
9;473.051224835217
9;465.62696527689695
9;465.6890816986561
9;463.46388198435307
9;462.575213983655
9;466.06682520359755
9;462.61528320610523
9;485.44788639992476
9;466.4034675806761
9;474.3934040889144
9;477.89571434259415
9;470.87058424949646
9;466.0891657695174
9;474.5784681290388
9;472.98449743539095
9;470.8683378994465
9;470.7405297085643
9;479.0178518742323
9;464.50572181493044
9;475.24403780698776
9;473.74992724508047
9;472.46718034148216
9;474.3938632309437
9;466.9709214940667
9;469.69579067081213
9;485.3783845901489
9;468.31023693084717
9;468.6675202101469
9;487.9553774371743
9;483.49345568567514
9;473.1902936473489
9;478.17838471382856
9;474.6036743745208
9;478.72418351471424
9;524.4792895391583
9;471.6798448935151
9;469.0289292484522
9;473.9054189994931
9;466.5065025910735
9;476.78087186068296
9;472.3901366814971
9;465.16249515116215
9;467.59645361453295
9;467.9997218772769
9;474.6577115729451
9;470.9702730178833
9;463.0969874560833
9;468.5009280219674
9;468.70234329253435
9;466.16180799901485
9;490.77795539051294
9;462.32195291668177
9;463.2560210302472
9;469.2130573093891
9;465.4013914987445
9;465.3295073658228
9;466.5070064365864
9;459.99958738684654
9;475.5655322223902
9;460.4903692379594
9;464.1351578757167
9;461.96458768099546
9;476.06996912509203
9;467.8715355694294
9;463.06348498910666
9;477.98040229827166
9;481.10657185316086
9;471.5646831318736
9;474.1105381399393
9;465.59079457074404
9;471.85756266117096
9;484.87352300435305
9;469.356226734817
9;477.0310018211603
9;475.2704184502363
9;475.05122423171997
9;470.41418869048357
9;475.705792196095
9;469.038475304842
9;467.98991598188877
9;470.7053694874048
9;478.3845990896225
9;475.4654234275222
9;471.16645984351635
9;471.6593585908413
9;466.51805005967617
9;468.35271641612053
9;469.2912045866251
9;468.7286326661706
9;469.419626519084
9;475.7654182612896
9;466.4668431505561
9;475.47629848122597
9;465.80415964126587
9;479.1877996176481
9;476.3190886005759
9;479.1943682357669
9;474.67936761677265
9;475.62465257942677
9;473.54132775217295
9;473.86404499411583
9;461.47646848112345
9;470.386303961277
9;471.6466795653105
9;467.65181981027126
9;473.0005022138357
9;470.50315886735916
9;471.7267416417599
9;468.3889327570796
9;477.9806872829795
9;469.9518075212836
9;469.84526701271534
9;466.3200434297323
9;470.8721674978733
9;475.9568329900503
9;471.8713406473398
9;470.0501775369048
9;466.2667866796255
9;470.3386630862951
9;469.05261371284723
9;470.87632585316896
9;477.05766558647156
9;475.74504744261503
9;474.8596241697669
9;467.9597904905677
9;470.3633999451995
9;473.48278667777777
9;462.35913410782814
9;466.78460016846657
9;471.5907135978341
9;467.3903891816735
9;464.7002601996064
9;470.9967337548733
9;468.00986770540476
9;466.26536175608635
9;471.5826101601124
9;462.6364912837744
9;471.94482386112213
9;465.85178934037685
9;473.3384773135185
9;472.85516280680895
9;468.5754179954529
9;462.96240109950304
9;466.27820283174515
9;470.8963483572006
9;466.09397046267986
9;463.27445562928915
9;469.2264711484313
9;474.2473363876343
9;467.2762118279934
9;474.2449866607785
9;465.8561795949936
9;458.73946603387594
9;466.47309232503176
9;464.93742894381285
9;459.6031019464135
9;468.4344073757529
9;465.71369282901287
9;462.0513813570142
9;484.33410562574863
9;473.77781942486763
9;479.38891407102346
9;468.3768702670932
9;472.2729343920946
9;468.0389007553458
9;467.7267521619797
9;472.5644253194332
9;462.6747565343976
9;477.1278789266944
9;472.9324085637927
9;462.6446729525924
9;473.6219681799412
9;470.4909212887287
9;461.7380956187844
9;467.63315983116627
9;474.8449679464102
9;478.83678041398525
9;469.58459448069334
9;469.8354797437787
9;473.6670246347785
9;469.1735450178385
9;471.6030266135931
9;466.64338931441307
9;461.9991686195135
9;471.54745273292065
9;469.3952305242419
9;462.72175293415785
9;457.955963909626
9;472.5624602288008
9;477.445675060153
9;473.92936516553164
9;473.8669525831938
9;470.4913981258869
9;470.9915900602937
9;464.5285699516535
9;471.91948257386684
9;467.1626379713416
9;475.6385749205947
9;469.65495496988297
9;471.89203556627035
9;471.1212171241641
9;471.7135904356837
9;462.88270223885775
9;461.5559335798025
9;461.17954794317484
9;460.0050672888756
9;460.0597647950053
9;465.3682606294751
9;468.3164432644844
9;466.75846446305513
9;460.62480378896
9;462.8109401091933
9;462.735871784389
9;475.84862168878317
9;466.43797773867846
9;471.37674409896135
9;465.3745209798217
9;471.7660741880536
9;472.4047305062413
9;465.3837373480201
9;471.9931911677122
9;467.9400874301791
9;473.4948165714741
9;462.20654621720314
9;472.9182459414005
9;474.3698639795184
9;473.06025866419077
9;474.0614565089345
9;468.0858049541712
9;467.3755820840597
9;468.4316413477063
9;471.3790798559785
9;475.88108386844397
9;473.88689313083887
9;467.9926289245486
9;473.53367879986763
9;478.36874704807997
9;474.3356816470623
9;469.9729774147272
9;473.7878665328026
9;462.64293882995844
9;475.491956807673
9;469.0887713804841
9;468.3408383280039
9;474.3106681853533
9;479.8777112737298
9;473.16461987793446
9;469.2519325762987
9;465.6400606036186
9;474.4219873100519
9;474.02435075491667
9;466.2019647657871
9;474.0082696080208
9;480.17635475844145
9;478.4866152331233
9;476.07197239995
9;472.4924545735121
9;471.5710496529937
9;479.8760684207082
9;466.3756815716624
9;480.0514345988631
9;469.393284060061
9;479.5084437355399
9;473.97427540272474
9;475.57898703962564
9;473.7743530422449
9;465.71715641766787
9;466.7134378105402
9;465.80725628882647
9;467.383393086493
9;465.03453981131315
9;468.50903145968914
9;476.47593542933464
9;466.80612675845623
9;474.6468812227249
9;463.9761811122298
9;462.05280162394047
9;468.0301696062088
9;475.02445988357067
9;470.18079925328493
9;470.20257357507944
9;476.0410264134407
9;461.74859814345837
9;467.0958090573549
9;461.18692867457867
9;471.52563091367483
9;460.87169740349054
9;466.79470501840115
9;464.77456483989954
9;473.2650890946388
9;471.70632518827915
9;472.1589731052518
9;466.97314362972975
9;480.99685832858086
9;467.64281298965216
9;472.09160681813955
9;458.83839298039675
9;467.76994224637747
9;473.00672344863415
9;473.1930112466216
9;463.08683697134256
9;529.6579571440816
9;476.22386645525694
9;475.2621743828058
9;468.13221741467714
9;476.1468805372715
9;478.6072364076972
9;469.0200434997678
9;466.21981263160706
9;468.3099137619138
9;468.7901455909014
9;468.46861112862825
9;469.39021721482277
9;469.14149448275566
9;469.1414777189493
9;464.774033986032
9;473.45871292054653
9;481.9658240303397
9;464.91679083555937
9;472.4531685933471
9;473.117140121758
9;470.2465645968914
9;466.47338941693306
9;472.58090414106846
9;472.14164212346077
9;477.3843390867114
9;468.9249787479639
9;463.4377080947161
9;474.8757518827915
9;473.91529753804207
9;473.8948391750455
9;469.31616961956024
9;466.4386073127389
9;477.8307285159826
9;471.277704462409
9;470.63043899834156
9;466.8384836986661
9;479.6657618135214
9;472.68215101212263
9;467.3220757395029
9;474.2700671777129
9;473.91627822071314
9;472.66762144863605
9;469.08303909003735
9;471.29413299262524
9;469.72770895808935
9;467.87353325635195
9;475.25270935148
9;469.6481768041849
9;468.6957038938999
9;467.68011432141066
9;466.96412935853004
9;477.7589635923505
9;468.4626776725054
9;463.95086497068405
9;470.8561906591058
9;466.5758991613984
9;465.67408461123705
9;465.2000330388546
9;463.8548083603382
9;470.7139879465103
9;469.0629681572318
9;472.01016917824745
9;463.9210468158126
9;468.19138433784246
9;480.2232254296541
9;472.33907505869865
9;461.86829824000597
9;472.45965991169214
9;466.50614868849516
9;471.55677527189255
9;467.09966845810413
9;472.1184838563204
9;465.41122905910015
9;473.1484428048134
9;458.80470518022776
9;470.20156867802143
9;475.443203933537
9;466.08862932771444
9;472.42333367466927
9;474.38744455575943
9;466.44203923642635
9;475.2410175278783
9;473.19295909255743
9;471.7355100437999
9;469.3513233214617
9;473.03178161382675
9;468.56649965047836
9;468.77227257937193
9;474.95967894792557
9;468.0118691176176
9;470.5628678202629
9;477.5799326598644
9;464.33558128774166
9;468.2359080761671
9;471.5360449627042
9;476.90647933632135
9;469.5087466388941
9;532.9307969659567
9;472.2736235707998
9;468.53153221309185
9;461.9051646441221
9;470.4586463049054
9;476.147728972137
9;476.778500713408
9;473.0720520019531
9;471.25827986747026
9;468.6531974002719
9;476.40710417181253
9;470.15907894819975
9;476.2958213686943
9;470.31450271606445
9;478.94545923918486
9;474.70956947654486
9;476.7163284122944
9;473.96532259881496
9;466.74513816833496
9;475.61316657811403
9;471.30793053656816
9;464.6817333996296
9;472.61595260351896
9;466.27460792660713
9;470.22233810275793
9;458.70037097483873
9;469.46819964796305
9;463.8947267085314
9;472.3959667608142
9;477.9377207159996
9;466.94948617368937
9;465.43596778064966
9;476.71116050332785
9;471.9541734084487
9;471.2926400825381
9;466.7803766205907
9;467.2386171296239
9;470.78074514865875
9;464.59031105041504
9;475.35246051847935
9;466.254741884768
9;469.6719432249665
9;467.14393235743046
9;473.38147833943367
9;466.55893232673407
9;470.6890359520912
9;470.62997706234455
9;472.21902199089527
9;473.1324790045619
9;474.028542637825
9;470.68692836910486
9;472.9055892676115
9;477.4123216047883
9;477.0536692813039
9;469.97782960534096
9;464.8458771407604
9;464.9380063638091
9;469.8339803144336
9;467.1249743551016
9;460.6121042743325
9;462.6405565068126
9;471.4758861809969
9;474.13995768874884
9;456.17810636758804
9;460.46700701117516
9;468.04345306009054
9;463.0583841353655
9;470.2373379841447
9;470.8641702309251
9;467.8309690207243
9;460.7815472409129
9;466.7599331587553
9;468.68252009153366
9;469.9826231226325
9;463.6059869080782
9;472.5378919392824
9;472.09533397108316
9;470.94498481601477
9;471.4091392233968
9;478.1658882275224
9;475.4323810338974
9;480.4627215489745
9;480.0455691292882
9;473.9897632971406
9;469.9028953909874
9;478.21093536913395
9;474.2206698283553
9;467.2408467158675
9;470.3913740813732
9;463.70727475732565
9;462.9168175160885
9;465.37960041314363
9;475.0262713059783
9;475.43360758572817
9;468.1919449940324
9;472.0822358503938
9;468.66901963949203
9;466.0848705098033
9;465.128380805254
9;468.2793840765953
9;473.2102872803807
9;470.926770940423
9;454.28860001266
9;461.4688539877534
9;460.9540970996022
9;471.8528874218464
9;464.66016583144665
9;470.2845746651292
9;467.595505528152
9;468.75951811671257
9;470.82109842449427
9;460.0242804735899
9;466.2245875224471
9;474.3252005428076
9;474.51207879930735
9;467.16666128486395
9;470.14558408409357
9;468.1444438174367
9;473.9834535866976
9;466.5918434038758
9;476.0387511923909
9;472.4524477496743
9;474.1011615842581
9;474.59203470498323
9;470.48424556851387
9;479.32154405862093
9;475.96342116594315
9;481.98532592505217
9;475.45938566327095
9;472.59639482945204
9;473.2627309858799
9;473.2787348330021
9;466.8940966948867
9;478.87186612933874
9;467.50273555517197
9;467.885198071599
9;475.31912941485643
9;468.0262077599764
9;473.77257607877254
9;467.7722370252013
9;470.67619394510984
9;472.111408598721
9;470.11484671384096
9;467.7194757387042
9;470.10457050055265
9;478.6762706935406
9;467.08081290125847
9;476.5286101028323
9;471.37988917529583
9;474.86117109656334
9;476.9448908045888
9;477.31574811041355
9;474.6417375281453
9;466.11745469272137
9;471.74413967877626
9;473.664672113955
9;476.6472429037094
9;473.105289041996
9;474.6112748980522
9;476.14502254873514
9;479.5271120965481
9;488.41067031025887
9;473.44181034713984
9;476.6251053661108
9;474.0128880366683
9;470.36262787878513
9;476.62191186100245
9;472.8721985593438
9;465.48358630388975
9;475.14260932803154
9;474.9354012310505
9;468.0408174172044
9;468.8937123864889
9;473.5469250008464
9;476.11412312835455
9;472.85075299441814
9;474.4649473577738
9;474.3422884494066
9;474.2561085149646
9;468.34693290293217
9;468.25149469077587
9;469.6512818336487
9;477.83147264271975
9;479.9036905169487
9;473.58218114823103
9;471.3188586756587
9;471.39046154916286
9;475.2377774566412
9;474.9210784211755
9;469.8724979534745
9;466.83675795793533
9;479.86486833542585
9;468.20773743093014
9;467.04179234802723
9;483.2825930789113
9;475.28406511992216
9;467.3170940950513
9;484.58191752433777
9;472.35674131661654
9;476.4146422967315
9;478.79661340266466
9;481.3542738556862
9;479.0448434650898
9;473.9072499796748
9;464.574602432549
9;480.55880051106215
9;469.60682421922684
9;471.2695274502039
9;469.5477429777384
9;461.29901614040136
9;474.9154131859541
9;466.4479326456785
9;468.16333569586277
9;465.8537460491061
9;470.57038359344006
9;466.9314417988062
9;474.16791319847107
9;469.6876248344779
9;459.8672781139612
9;461.70742623507977
9;475.18354281783104
9;464.3059428781271
9;461.6246270015836
9;470.9399212151766
9;470.69056052714586
9;467.06935204565525
9;475.07188376039267
9;458.81799794733524
9;463.69337383657694
9;477.9636925086379
9;467.7086928859353
9;466.50177612900734
9;472.11919631808996
9;469.8769673705101
9;474.74974673241377
9;468.2289371266961
9;462.3417854309082
9;476.7457256093621
9;461.5581352263689
9;473.28327130526304
9;466.8469838798046
9;465.7170344144106
9;471.3534275069833
9;479.1920641437173
9;467.0681254938245
9;471.2237771600485
9;472.36424777656794
9;465.75138438493013
9;475.533795543015
9;476.064695045352
9;468.7989857047796
9;472.4515322595835
9;469.6657629683614
9;473.22174441069365
9;467.5796730443835
9;477.79000364243984
9;471.02068085223436
9;468.9150797203183
9;470.1865203678608
9;470.1596451923251
9;474.060021340847
9;478.30572817474604
9;468.6633348464966
9;469.05468963086605
9;468.16319692879915
9;467.85110514611006
9;476.7679385840893
9;475.3069877624512
9;529.3182395398617
9;477.9439037665725
9;470.2305505052209
9;475.9633531793952
9;477.153099142015
9;470.2784288674593
9;472.6506546139717
9;468.2387877255678
9;478.12354750931263
9;472.5045533850789
9;471.73669561743736
9;463.3619263768196
9;473.5974706709385
9;476.28191858530045
9;470.0307743623853
9;473.1339607387781
9;479.0234323590994
9;482.1171071380377
9;468.26486103236675
9;470.3273931518197
9;476.7989804968238
9;472.1032092347741
9;465.8494768664241
9;475.49160569906235
9;472.27437421679497
9;470.35919688642025
9;479.2007999494672
9;463.75230327248573
9;468.3741284534335
9;470.8719486370683
9;463.92680052667856
9;465.15522338449955
9;473.4943974763155
9;469.5148114115
9;472.5005170330405
9;476.7856737598777
9;472.8801753371954
9;469.8383519425988
9;477.89101116359234
9;470.61983682215214
9;466.0217948257923
9;466.34334046393633
9;470.07706481963396
9;459.7859689965844
9;469.3241324275732
9;470.95366194844246
9;464.77437298744917
9;462.56504487246275
9;468.3616980910301
9;464.5477654412389
9;467.725059017539
9;462.0774323120713
9;463.83950114250183
9;466.1995293572545
9;464.63955100625753
9;476.574182510376
9;468.2671604678035
9;463.72403390705585
9;465.4238438233733
9;463.98546267300844
9;464.15206510573626
9;472.5792817771435
9;472.14796859771013
9;474.8559584841132
9;461.13443933427334
9;470.08400317281485
9;468.37323531508446
9;462.14220859110355
9;459.13831889629364
9;464.0403650701046
9;464.84132669866085
9;467.05136075615883
9;468.69936399161816
9;472.7876354008913
9;474.66350346803665
9;473.73932879418135
9;465.35269543528557
9;469.18215975165367
9;468.1716486811638
9;475.2289801836014
9;476.2963494285941
9;472.1174156293273
9;473.8151878118515
9;475.42343847453594
9;467.9182367399335
9;464.2089456319809
9;472.6822003722191
9;478.40534429997206
9;471.71895392239094
9;466.0416468977928
9;470.98498698323965
9;469.6508850902319
9;461.8524173274636
9;468.0601106956601
9;458.2253182306886
9;469.23056803643703
9;479.45205960422754
9;526.8268315121531
9;472.65635151416063
9;464.0719024464488
9;463.8630021363497
9;477.23778896033764
9;465.57494159787893
9;473.28896075487137
9;458.9984640479088
9;471.0485739633441
9;466.9565102085471
9;471.6258514672518
9;469.57016084343195
9;468.0858124047518
9;474.37969129532576
9;466.4739975705743
9;468.75602565705776
9;469.7718508541584
9;471.11088316887617
9;473.89086056500673
9;474.65803008526564
9;459.6732296049595
9;466.96646232157946
9;465.95154982060194
9;462.4987058341503
9;463.02968449890614
9;469.5995608344674
9;462.24761940538883
9;480.9761540964246
9;479.3204814195633
9;471.5865347534418
9;473.2855027541518
9;473.61608408391476
9;461.61947026848793
9;473.272405564785
9;472.78973273932934
9;479.97844964265823
9;465.5002988874912
9;476.4477564021945
9;467.0493397861719
9;472.8925609961152
9;463.6978264898062
9;471.24603297561407
9;475.28151236474514
9;465.7101957127452
9;470.49451246857643
9;470.3391771763563
9;468.64823158830404
9;475.5620900541544
9;472.8807108476758
9;469.3626696243882
9;474.4469225406647
9;473.36096316576004
9;462.5585535541177
9;472.9004502296448
9;474.0944216027856
9;475.565318018198
9;469.68093141913414
9;477.2045724093914
9;473.3658544719219
9;478.5827388986945
9;475.47945752739906
9;470.28244379907846
9;470.6751788035035
9;467.57045947015285
9;466.2477672100067
9;472.04108349978924
9;466.03660844266415
9;480.26541620492935
9;469.68012396246195
9;462.5534387305379
9;464.6123358979821
9;472.3542192950845
9;464.9168225005269
9;465.9189712256193
9;463.51263392716646
9;469.94524355977774
9;470.86181212216616
9;473.9793874323368
9;464.8093692958355
9;465.0961309671402
9;474.72765762358904
9;470.1577192172408
9;476.3949532061815
9;478.9908276870847
9;477.7892204001546
9;469.1039053723216
9;465.41331242769957
9;465.8139571547508
9;479.2287005111575
9;466.8021993711591
9;463.4849224239588
9;473.0985900387168
9;474.5981637388468
9;475.24491138756275
9;467.8892707452178
9;465.0115640833974
9;459.5795776695013
9;462.51833718270063
9;468.4543972834945
9;468.7253935262561
9;472.57922776043415
9;477.9514605179429
9;467.14410558342934
9;466.3556329905987
9;473.5288107767701
9;472.65058383345604
9;468.331528827548
9;468.84121745824814
9;463.9555336907506
9;468.6647029593587
9;475.85312370210886
9;469.76722124964
9;466.22474025934935
9;479.4889697805047
9;469.6217989549041
9;464.1020279377699
9;473.1835061684251
9;480.73919024318457
9;469.06293369829655
9;466.9732917100191
9;471.816654317081
9;475.6229557096958
9;473.2301998883486
9;475.14075227081776
9;464.9777337908745
9;470.65277956426144
9;476.31123289465904
9;473.8316172733903
9;480.58613389730453
9;465.84954392164946
9;478.65169774740934
9;477.62999031692743
9;470.10795399546623
9;472.76829835027456
9;472.41117618978024
9;474.76101759821177
9;476.002000272274
9;470.4310707747936
9;471.7016704380512
9;478.97712234407663
9;470.5351497977972
9;478.6060303449631
9;471.0061848163605
9;473.2262874022126
9;469.2541714757681
9;471.58841975033283
9;473.4665658324957
9;464.25752621144056
9;468.22130400687456
9;468.1936874985695
9;462.858566083014
9;461.79892122745514
9;471.1491921916604
9;467.49340184032917
9;475.01983307302
9;469.2085264250636
9;467.84981060773134
9;471.5634882450104
9;465.20556323230267
9;468.149296939373
9;470.38726042956114
9;470.7264434546232
9;469.4697940722108
9;470.9112951532006
9;475.1650793477893
9;473.62378146499395
9;468.9302761107683
9;462.5473842024803
9;470.46108543872833
9;473.8556817173958
9;471.34524304419756
9;463.5106297209859
9;467.3796594142914
9;465.79539496451616
9;466.5228119120002
9;463.04691303521395
9;465.056074783206
9;471.97009809315205
9;463.62530160695314
9;467.8498823195696
9;464.37590569257736
9;464.20836355537176
9;470.9351845085621
9;465.2208359912038
9;460.986303165555
9;462.9838289692998
9;461.8839658796787
9;462.61959709227085
9;467.20852702856064
9;475.22177919745445
9;472.73468039929867
9;471.4311473071575
9;476.93613916635513
9;473.8104911521077
9;465.8755389973521
9;473.26679341495037
9;467.2997985035181
9;469.6199046447873
9;466.275948099792
9;467.1303676441312
9;470.31530644744635
9;474.8985031619668
9;468.35992857813835
9;472.1042774617672
9;468.2423360645771
9;473.105289041996
9;470.86468804627657
9;470.42721044272184
9;466.36829152703285
9;466.7443912476301
9;473.7402070313692
9;470.49152851104736
9;471.3541138917208
9;480.03524262458086
9;478.3887257799506
9;473.76140113919973
9;482.7027637511492
9;472.7083193138242
9;472.5442957133055
9;479.89318426698446
9;474.570170044899
9;467.60195307433605
9;466.4190746843815
9;465.42892698198557
9;473.0938859283924
9;462.4838503077626
9;474.92922097444534
9;474.43417087197304
9;475.5192706361413
9;466.2200631573796
9;472.974693402648
9;466.44963044673204
9;471.93311993032694
9;470.7600371912122
9;472.02570643275976
9;475.03858152776957
9;462.47294917702675
9;473.808572627604
9;465.1864627376199
9;462.55641989409924
9;468.59355736523867
9;471.4930970221758
9;471.11909836530685
9;455.9715688228607
9;470.2321048825979
9;475.8531181141734
9;471.15307580679655
9;471.05019353330135
9;463.599911890924
9;471.5523375198245
9;469.05659791082144
9;462.63960376381874
9;458.4091678261757
9;465.73298890143633
9;470.65869625657797
9;465.8132418990135
9;469.36692856252193
9;472.50155359506607
9;463.6965477839112
9;471.2901394814253
9;467.6242098212242
9;470.60371935367584
9;466.50793869048357
9;465.12780245393515
9;475.05414858460426
9;479.6972209587693
9;481.396253220737
9;476.59932076931
9;518.2701097801328
9;472.4313421174884
9;467.5020780414343
9;466.93833358585835
9;478.29819563776255
9;471.6303199529648
9;465.9743048250675
9;472.723457030952
9;477.88566816598177
9;483.4784436970949
9;475.8422877639532
9;470.01558914780617
9;475.598918274045
9;473.6321922391653
9;471.2178912013769
9;473.8427633419633
9;480.812787078321
9;474.45924300700426
9;477.0851004868746
9;478.10640186071396
9;471.2415598332882
9;480.1897071301937
9;478.7472430616617
9;471.93833626806736
9;471.31391800940037
9;471.6267855837941
9;478.299492970109
9;470.69876827299595
9;479.6882141381502
9;480.7776715606451
9;474.4809865951538
9;476.915973238647
9;477.00785752385855
9;472.4439634010196
9;465.70038609206676
9;478.7134947255254
9;471.7223783954978
9;474.4976405054331
9;464.3972357735038
9;466.2026325240731
9;476.50115843862295
9;473.02696760743856
9;468.92569307237864
9;472.07304649055004
9;478.19491662085056
9;472.2075229510665
9;470.47294676303864
9;473.77520333975554
9;477.361673489213
9;473.4629634767771
9;476.1455515399575
9;480.2366178482771
9;475.51951464265585
9;471.8339256942272
9;471.984482370317
9;469.5430165156722
9;473.9154679700732
9;468.1548709049821
9;477.94296219944954
9;474.00624956935644
9;466.0899480804801
9;470.99933959543705
9;471.5201910585165
9;474.82855524867773
9;464.8476894944906
9;469.1736148670316
9;461.81683521717787
9;472.44575805962086
9;470.12532874941826
9;472.33179025352
9;469.3439155817032
9;469.75936368107796
9;470.86399886757135
9;476.6523614525795
9;477.70502232015133
9;462.8513641655445
9;476.0675933212042
9;477.33950335532427
9;465.52003268152475
9;465.3921667486429
9;470.73525469750166
9;461.5688929334283
9;475.9320430457592
9;466.66903141885996
9;473.1144933030009
9;469.2830229178071
9;471.5940272435546
9;462.90208026766777
9;474.6264973655343
9;477.3846408352256
9;469.26121413707733
9;479.9416530877352
9;473.1985032558441
9;467.95767452567816
9;478.87409664690495
9;459.3975758180022
9;473.90283551067114
9;533.5721848532557
9;470.7039799541235
9;478.4819567576051
9;476.0114289820194
9;470.3416544944048
9;474.0136740729213
9;478.39744202792645
9;476.65220219641924
9;467.1593513339758
9;474.5334144681692
9;466.826100833714
9;467.0384945347905
9;469.84137687832117
9;469.98546831309795
9;473.758059553802
9;466.56470000743866
9;463.60276453197
9;476.813773624599
9;469.45049054920673
9;464.6578384563327
9;466.41950868070126
9;467.1639511361718
9;477.75995545089245
9;476.55454091727734
9;474.1392768919468
9;472.9563035070896
9;473.8073367625475
9;469.6586299687624
9;475.0093901529908
9;465.0125242769718
9;478.1082244589925
9;478.2335739582777
9;470.1276822015643
9;467.9736653342843
9;472.0139689743519
9;477.0098431035876
9;472.1595933660865
9;467.17938128858805
9;469.9828503653407
9;464.88208416849375
9;465.938089415431
9;463.35647720843554
9;475.962458178401
9;467.57821924984455
9;476.2387787923217
9;478.2351218163967
9;474.1361206397414
9;472.44174126535654
9;471.2214320898056
9;471.7948557808995
9;471.4738139882684
9;470.2158132568002
9;474.8207554221153
9;467.0567149296403
9;466.99933893978596
9;470.3791756182909
9;468.5334814712405
9;470.79554107040167
9;468.19268725812435
9;470.16990557312965
9;468.60715467482805
9;479.18563429266214
9;466.2953717634082
9;475.3124387934804
9;476.8266472965479
9;467.3334155231714
9;469.45322304964066
9;473.5447093844414
9;478.2019406557083
9;482.98577405512333
9;466.366252861917
9;469.93720065802336
9;470.6102479249239
9;476.79963428527117
9;478.67337986826897
9;462.0110057294369
9;479.2709266766906
9;465.1638539507985
9;467.5537059083581
9;472.0918359234929
9;476.0976377874613
9;475.63992999494076
9;470.07276117801666
9;475.38475412875414
9;472.99625258892775
9;470.8351530134678
9;474.3648339062929
9;464.02585320174694
9;473.7756624817848
9;468.9999585971236
9;471.9605837017298
9;473.22963923215866
9;472.2182881087065
9;469.9203986674547
9;478.36616449058056
9;466.1629442125559
9;472.1988392993808
9;468.852405436337
9;471.12617176026106
9;471.1201572790742
9;468.0219925940037
9;474.84356816858053
9;469.3165710195899
9;472.95983415097
9;470.6202568486333
9;467.324516735971
9;474.78665318340063
9;462.7353195101023
9;466.27281978726387
9;461.8689902126789
9;467.75212325155735
9;464.1576921567321
9;473.18747732788324
9;472.0008494332433
9;470.39538715034723
9;467.0706521719694
9;461.20730321854353
9;468.19463931024075
9;469.64555885642767
9;474.11965671926737
9;469.27057579159737
9;469.47102807462215
9;476.67217161506414
9;475.53354781121016
9;469.09618005156517
9;474.5372198522091
9;480.7733930647373
9;471.02979850023985
9;469.2743122577667
9;466.76269732415676
9;467.28948038071394
9;474.534067325294
9;472.8685598820448
9;476.43137350678444
9;467.2389179468155
9;473.4967090189457
9;465.9168776124716
9;475.6652396172285
9;477.47356817126274
9;472.58176002651453
9;474.5317157357931
9;476.54733061790466
9;474.3165960535407
9;475.5316209048033
9;476.7778776586056
9;469.15948670357466
9;482.39962477236986
9;477.084394544363
9;474.11357052624226
9;477.26312186568975
9;472.9703711345792
9;464.6707037463784
9;469.74834706634283
9;464.9161519482732
9;467.97029580920935
9;470.21757531911135
9;465.29932226985693
9;466.4289727807045
9;465.701156295836
9;470.1484404504299
9;473.85095804929733
9;473.2605069875717
9;472.47272450476885
9;474.79916736483574
9;474.3654392659664
9;469.2216822877526
9;469.81082018464804
9;472.2666861489415
9;467.17847511172295
9;468.8175618648529
9;463.6536743491888
9;470.70783097296953
9;477.22874116152525
9;476.884288713336
9;473.11024367809296
9;471.30050603300333
9;479.2810259386897
9;471.2145607918501
9;476.14177595824003
9;474.2909464985132
9;472.09309693425894
9;472.08872996270657
9;478.51651068776846
9;464.48007319122553
9;474.9567545950413
9;471.03135474026203
9;474.01090431958437
9;470.55512480437756
9;462.8096641972661
9;463.77759519964457
9;465.0816163048148
9;463.90843484550714
9;466.80697705596685
9;473.57429284602404
9;468.3094033971429
9;460.64192056655884
9;464.23973981291056
9;460.1955385878682
9;471.5145891532302
9;474.29248690605164
9;469.0380683168769
9;471.6190518811345
9;461.6712061688304
9;477.0869631320238
9;465.89562855660915
9;467.87552535533905
9;466.5763759985566
9;471.02596051990986
9;471.99167497456074
9;468.39572954922915
9;476.8871767446399
9;470.9524130448699
9;464.9179866537452
9;472.3981749266386
9;473.25407806783915
9;472.32879884541035
9;472.591913305223
9;471.6866370290518
9;467.9831871762872
9;477.8844742104411
9;474.4199914857745
9;486.4203501492739
9;474.70804676413536
9;477.083963342011
9;471.9807766377926
9;471.65707498788834
9;473.3027536422014
9;468.4481704607606
9;467.2396657988429
9;477.72618755698204
9;472.2042940557003
9;468.43832917511463
9;472.57009241729975
9;473.03325962275267
9;472.98640571534634
9;468.1419925764203
9;473.37293438613415
9;482.85745084285736
9;472.9165267199278
9;471.00555524230003
9;484.1933250427246
9;469.4959819316864
9;464.22240789979696
9;467.24757831543684
9;466.2808757275343
9;477.16884408146143
9;469.504582695663
9;487.97223530709743
9;468.05564686656
9;477.77937073260546
9;467.14454144239426
9;468.47563702613115
9;472.9572832584381
9;474.2592452093959
9;480.13604059815407
9;475.49495846033096
9;471.8916695564985
9;474.7110726311803
9;471.98006324470043
9;467.67744049429893
9;472.7685712277889
9;470.2309174463153
9;473.2595607638359
9;472.1025647595525
9;473.2810975983739
9;467.8912553936243
9;472.59850800037384
9;464.3660970032215
9;503.9841281250119
9;471.1309839040041
9;474.82995595782995
9;470.63995338976383
9;463.7345811352134
9;476.16266552358866
9;474.8708810657263
9;469.28304247558117
9;475.75033735483885
9;473.2496440410614
9;465.136282145977
9;476.7672820016742
9;472.30706084519625
9;473.25139306485653
9;468.36912259459496
9;477.22756676375866
9;481.0933265835047
9;476.49134416133165
9;467.8819701075554
9;478.1250795349479
9;477.0546155050397
9;472.8689454495907
9;470.96653655171394
9;463.67913112044334
9;478.6758264526725
9;470.67928314208984
9;465.24978149682283
9;470.61862424016
9;475.1633396372199
9;468.8176726922393
9;462.43012230843306
9;473.0284120887518
9;470.6595279276371
9;468.0231772363186
9;461.37222182005644
9;468.4913754463196
9;464.18171655386686
9;467.6713505759835
9;465.2241449803114
9;463.95240258425474
9;476.8882254138589
9;474.0870827808976
9;468.42120587825775
9;470.6927631050348
9;464.63804692029953
9;469.56842951476574
9;464.32449389249086
9;475.8156044408679
9;475.20514391362667
9;464.0145031735301
9;471.68674878776073
9;464.64034263044596
9;473.84888865053654
9;469.7538046166301
9;461.3195639103651
9;477.677708491683
9;470.2836899086833
9;467.2168428078294
9;466.03923942893744
9;468.9104547724128
9;470.5482255667448
9;470.4492650926113
9;468.4785222634673
9;463.6433543637395
9;468.02561450749636
9;458.29278137534857
9;472.5024225190282
9;474.88604485988617
9;471.205928362906
9;476.76444705575705
9;470.5327432602644
9;480.4720198735595
9;474.9792078509927
9;466.71409998089075
9;467.6488498225808
9;462.1187010779977
9;468.22488214820623
9;473.32282923161983
9;473.7057304009795
9;471.9252036884427
9;469.7979763150215
9;472.56115078926086
9;472.58081566542387
9;478.6141384392977
9;474.21774733811617
9;479.5864215120673
9;466.4008943364024
9;474.3550466373563
9;480.30576668679714
9;462.3101372271776
9;471.6629609465599
9;470.0052496045828
9;472.85420540720224
9;475.08925199508667
9;473.7774282693863
9;473.92691019922495
9;466.4121847599745
9;523.3030170202255
9;480.71741219609976
9;473.4515342861414
9;473.3080407604575
9;474.6135054156184
9;474.2850521579385
9;476.8078066408634
9;472.548502497375
9;468.70470605790615
9;462.7211485058069
9;465.2349427342415
9;472.1598122268915
9;475.1824699342251
9;472.41351939737797
9;476.10453609377146
9;478.207771666348
9;470.53517680615187
9;473.45635760575533
9;469.77866254746914
9;472.03007712960243
9;476.7975630238652
9;472.00426552444696
9;478.73169742524624
9;471.9899259507656
9;463.8001210987568
9;462.6688603311777
9;469.86098773777485
9;470.07458936423063
9;469.5794600993395
9;472.3957050591707
9;475.550907664001
9;470.09098157286644
9;475.055456161499
9;473.3054134994745
9;462.8787050023675
9;478.49712520837784
9;481.6855303943157
9;470.65131552517414
9;473.7687651067972
9;471.04581259191036
9;472.14111872017384
9;469.8977945372462
9;465.558965690434
9;480.55760096758604
9;470.4415677115321
9;473.9771280437708
9;478.7345575168729
9;476.20437294244766
9;472.33058884739876
9;480.1839729771018
9;468.75492576509714
9;471.77513036876917
9;470.1558193191886
9;466.624123044312
9;474.28443655371666
9;478.8407292217016
9;470.19351180642843
9;459.51045490801334
9;459.9070828408003
9;468.1865507736802
9;473.21574203670025
9;462.4721361324191
9;472.9502210393548
9;469.1342553123832
9;463.65394070744514
9;460.3818552568555
9;476.0073637589812
9;466.51265397667885
9;471.8972500413656
9;470.6789441406727
9;469.09359097480774
9;470.40199022740126
9;465.6004048883915
9;465.7059097662568
9;463.9853611588478
9;469.64056231081486
9;467.4448249861598
9;468.89073215425014
9;465.14373924583197
9;474.7221479192376
9;482.76294860988855
9;475.5671238526702
9;471.549398265779
9;475.2829587087035
9;483.50729793310165
9;478.9095688611269
9;473.5246868804097
9;472.63496089726686
9;481.916100718081
9;471.4881107211113
9;469.5404330268502
9;476.6116561368108
9;468.9874481409788
9;473.78025483340025
9;477.64519788324833
9;464.4450191408396
9;472.51435928046703
9;475.5055271089077
9;468.0321980267763
9;476.0654969140887
9;467.6993601024151
9;460.1875161752105
9;470.91707959771156
9;467.11468417197466
9;473.27222116291523
9;463.9551257714629
9;472.8289684280753
9;472.73395769298077
9;463.12479209154844
9;474.2402406409383
9;468.56777369976044
9;458.1725699827075
9;469.1957337781787
9;463.1014997139573
9;468.57345290482044
9;472.96299785375595
9;470.73785215616226
9;472.27887250483036
9;463.7540243566036
9;471.22882679104805
9;471.2113281711936
9;469.4074587896466
9;475.7879348471761
9;468.24655681848526
9;473.22994004935026
9;463.1369197741151
9;470.52522748708725
9;472.42110781371593
9;465.31885489821434
9;475.07171239703894
9;467.21436735242605
9;459.05912667512894
9;473.2322357594967
9;470.47028969973326
9;466.6388789191842
9;472.68529050052166
9;471.73065692186356
9;462.4317307025194
9;467.8721660748124
9;465.35961888730526
9;469.63444724678993
9;467.05550234764814
9;477.13311575353146
9;469.8586640879512
9;464.65964522212744
9;464.8107700049877
9;467.5959963351488
9;474.56819750368595
9;467.1696489676833
9;471.2000051513314
9;475.7358571514487
9;467.323605902493
9;463.9602731913328
9;475.4044832661748
9;476.1383170261979
9;464.6260794252157
9;465.53105022758245
9;469.5066539570689
9;474.41547736525536
9;468.4084616601467
9;472.4173676222563
9;469.83989980071783
9;473.84141478687525
9;479.86696008592844
9;470.1359588652849
9;471.79141268134117
9;473.83917681872845
9;471.6922724619508
9;474.75352324545383
9;473.9727443084121
9;477.6968592777848
9;468.59667636454105
9;471.15384973585606
9;473.8431014120579
9;481.81240539997816
9;468.85964181274176
9;484.11173932254314
9;475.87883938103914
9;473.23908004909754
9;477.0407844334841
9;476.06964129954576
9;474.6632967144251
9;479.03365455567837
9;469.44248490035534
9;483.74350741505623
9;470.1360436156392
9;469.05887592583895
9;469.36583053320646
9;466.20456129312515
9;475.3096364438534
9;467.1495584771037
9;464.8619256913662
9;468.4727322310209
9;466.10412653535604
9;468.7208952382207
9;454.3359577655792
9;470.65190970897675
9;476.00380703806877
9;465.7364571467042
9;465.8494060859084
9;457.6847441494465
9;457.94712007045746
9;463.88567332178354
9;470.06051521748304
9;471.2895695120096
9;458.0580107867718
9;466.57991223037243
9;468.3283092454076
9;472.4673107266426
9;459.5522116869688
9;473.22459798306227
9;460.3104908019304
9;470.4335182905197
9;464.016973040998
9;465.90727660804987
9;462.03944738954306
9;461.4319456741214
9;473.753372207284
9;468.5783013701439
9;468.12962740659714
9;474.2230596020818
9;468.6221769079566
9;476.8855292350054
9;465.5870571732521
9;465.2382964268327
9;470.69316171109676
9;468.7710124999285
9;468.09354424476624
9;475.5506468936801
9;464.9367071688175
9;473.4182143583894
9;465.2538178488612
9;467.8519703447819
9;465.10620787739754
9;475.15050787478685
9;473.01206178963184
9;462.7109747380018
9;468.4365866705775
9;470.205819234252
9;475.605733692646
9;472.90460392832756
9;471.99121210724115
9;470.77031806111336
9;471.2699893862009
9;468.13345793634653
9;472.43522945791483
9;463.05762231349945
9;468.0729415267706
9;476.39655880630016
9;473.50387927144766
9;480.0456864759326
9;467.67320670187473
9;473.6990602687001
9;475.68903397768736
9;470.70631198585033
9;476.025533862412
9;478.82898710668087
9;464.2055295407772
9;474.15126394480467
9;477.7756920084357
9;472.9386158287525
9;472.3545117303729
9;473.55824057012796
9;468.3688338845968
9;477.20532305538654
9;463.6522252112627
9;473.13509974628687
9;477.1069949492812
9;473.9653365686536
9;515.4286855831742
9;475.4258282482624
9;467.3707904294133
9;457.91418198496103
9;471.50052804499865
9;476.9921861588955
9;470.4646896570921
9;469.237788580358
9;471.99101094156504
9;474.2155857384205
9;468.1463409215212
9;466.39629546552896
9;461.0514212399721
9;470.4490788280964
9;466.2187034264207
9;476.7187889665365
9;463.22818472981453
9;461.2907851114869
9;465.23882262408733
9;464.10401817411184
9;466.9718509539962
9;464.3135042861104
9;469.7592444717884
9;476.63494758307934
9;472.32066188007593
9;470.80002538859844
9;472.9472277686
9;479.98565062880516
9;474.9362524598837
9;469.3674622103572
9;466.15704987198114
9;473.38008135557175
9;473.3653496950865
9;476.9008597359061
9;472.3780667409301
9;470.6694344058633
9;474.74205773323774
9;480.8749044314027
9;466.7471069842577
9;471.5401837602258
9;472.2554972395301
9;471.7362327501178
9;478.25227212160826
9;472.81127888709307
9;475.85583478212357
9;470.754262059927
9;471.871517598629
9;471.2220523506403
9;470.18546145409346
9;454.8376612365246
9;460.63176821917295
9;468.6911543831229
9;475.4950040951371
9;469.7119817137718
9;469.2291459068656
9;471.52301855385303
9;468.45570392906666
9;468.34595408290625
9;465.74902534484863
9;473.6405545845628
9;477.4588318541646
9;465.9916181117296
9;468.2176820933819
9;469.89757288247347
9;473.06198347359896
9;465.3321923688054
9;475.71384999901056
9;465.58891888707876
9;463.2417242974043
9;463.8586789369583
9;470.74371576309204
9;473.27018063515425
9;470.821974799037
9;475.59332847595215
9;471.3715957477689
9;477.5291308760643
9;474.1363497450948
9;471.46363370120525
9;468.7818009406328
9;477.34618466347456
9;475.2067057415843
9;465.55616706609726
9;471.18321247398853
9;474.31447450071573
9;470.23573238402605
9;472.87405375391245
9;474.35277700424194
9;472.78648894280195
9;480.2908431738615
9;474.20517075806856
9;474.7670814394951
9;475.80031491816044
9;464.9753663688898
9;461.9997227564454
9;462.07336615771055
9;467.52685122191906
9;466.59910678863525
9;522.6822011172771
9;469.7437025606632
9;464.6281534805894
9;462.96965051442385
9;460.8496427536011
9;461.97766810655594
9;461.1819740384817
9;477.1805554628372
9;471.0000678896904
9;470.49439139664173
9;465.6050121411681
9;468.1248776614666
9;467.14390628039837
9;462.60323375463486
9;471.042076125741
9;470.22585850209
9;466.9054178521037
9;478.77434734255075
9;475.53262393921614
9;464.61305394768715
9;476.7994238063693
9;476.67086496949196
9;467.52900816500187
9;474.4582548737526
9;464.92568403482437
9;478.44240721315145
9;473.33666402846575
9;468.08153484016657
9;460.02497524023056
9;472.552552819252
9;473.37027359753847
9;474.63784273713827
9;459.6447926014662
9;469.73281167447567
9;470.46512365341187
9;473.0750173330307
9;468.5144145041704
9;475.6482485681772
9;472.8242149576545
9;467.8400903940201
9;472.0655055716634
9;481.3924040645361
9;467.18123089522123
9;476.41995269805193
9;468.0493148043752
9;479.77992706000805
9;478.1268332153559
9;478.80567237734795
9;468.6218937858939
9;479.1119694709778
9;475.42605735361576
9;481.23070783913136
9;471.5183973312378
9;472.63462468981743
9;475.28486885130405
9;472.9582164436579
9;471.64163179695606
9;474.75127037614584
9;480.9216307476163
9;478.5816315561533
9;468.7595684081316
9;467.3730116337538
9;469.29114125669
9;465.1941070333123
9;467.5615793094039
9;460.95692086964846
9;467.1828644350171
9;462.89042569696903
9;472.94141724705696
9;467.5066387280822
9;461.82280872017145
9;462.8134584054351
9;463.85461930185556
9;471.56658582389355
9;470.87455820292234
9;485.4567460715771
9;467.74599328637123
9;474.4601836428046
9;470.6756277009845
9;480.35962507128716
9;481.03513568639755
9;467.24335476756096
9;468.1670321151614
9;468.4512335807085
9;471.32932022213936
9;475.80086905509233
9;468.96057296544313
9;466.8937213718891
9;462.9641454666853
9;465.1095373556018
9;477.03661024570465
9;481.79502692073584
9;469.5519609376788
9;470.6096537411213
9;474.4728356599808
9;469.61257234215736
9;476.20650194585323
9;475.15532933175564
9;478.33205945789814
9;473.92731439322233
9;468.96557603031397
9;471.79164085537195
9;464.5569836720824
9;473.29746559262276
9;479.0355237200856
9;468.05147361010313
9;473.4386960044503
9;484.1039124876261
9;470.1119353994727
9;478.0482091009617
9;479.85058184713125
9;468.7168821692467
9;467.1868681907654
9;465.230131521821
9;469.6645252406597
9;488.5392729192972
9;475.06104595959187
9;476.4131624251604
9;474.2631260305643
9;475.85362382233143
9;472.3394522443414
9;474.2584889754653
9;475.32187309116125
9;473.354653455317
9;475.6483845412731
9;470.95030546188354
9;467.94400457292795
9;470.35202849656343
9;468.56684423983097
9;476.31775215268135
9;470.2426390722394
9;469.9116200208664
9;472.3354736343026
9;473.9240100607276
9;471.13257087767124
9;475.66794138401747
9;471.8932518735528
9;475.446492433548
9;469.55574955791235
9;469.51725892722607
9;467.97806303948164
9;471.8734584748745
9;459.36950109899044
9;469.8505625128746
9;475.2676784992218
9;470.4342968761921
9;467.9323248565197
9;478.967672213912
9;472.9025289416313
9;463.5700546205044
9;473.7173989415169
9;471.64633963257074
9;474.3608180433512
9;472.6911261677742
9;483.5340930148959
9;468.97594910115004
9;470.8265569061041
9;468.7593523412943
9;470.48643231391907
9;474.1203570738435
9;459.1961083933711
9;466.91075153648853
9;474.3672050535679
9;468.9147053286433
9;470.8170732483268
9;467.3154866322875
9;473.03926199674606
9;466.7011285200715
9;464.64201901108027
9;473.1537029147148
9;467.2991568222642
9;473.6994253471494
9;474.2929171770811
9;472.9380961507559
9;472.00634330511093
9;464.40509986132383
9;475.04799999296665
9;467.017431743443
9;464.17457424104214
9;462.55641523748636
9;467.2280913218856
9;462.18226943165064
9;472.3204504698515
9;463.99496030062437
9;465.40228836238384
9;464.72323685884476
9;467.318226583302
9;469.5338746532798
9;474.6951311826706
9;478.26738841831684
9;473.23818132281303
9;472.63059113174677
9;474.5876891538501
9;472.1622932702303
9;468.88256166130304
9;479.0784325450659
9;474.1509463638067
9;473.3787113800645
9;471.5863112360239
9;476.92598309367895
9;466.7464876547456
9;468.16782280802727
9;477.6457855477929
9;464.84022587537766
9;467.0938793569803
9;477.5729151442647
9;477.16961801052094
9;466.5270410478115
9;470.9710031747818
9;462.95411977916956
9;470.94594966620207
9;465.90985637158155
9;476.51487682014704
9;464.21537920832634
9;460.8124066144228
9;466.02846030145884
9;467.63088274747133
9;469.4866631180048
9;463.4740147739649
9;460.0408021360636
9;470.81578336656094
9;463.2408460602164
9;468.8447304069996
9;466.7641678825021
9;463.2391082122922
9;474.1010833531618
9;461.544044315815
9;468.1658959016204
9;467.3462472856045
9;469.9754463508725
9;466.1342669278383
9;461.77958976477385
9;466.39310475438833
9;473.055824637413
9;471.46971710026264
9;465.06065875291824
9;476.60886868834496
9;468.5631459578872
9;470.1794357970357
9;468.1739406660199
9;479.0548933669925
9;473.0853755027056
9;466.1911791190505
9;476.50577407330275
9;471.25982865691185
9;477.8761174529791
9;476.1035367846489
9;476.79152246564627
9;468.14483124762774
9;474.7544666752219
9;469.05240043997765
9;469.97608337551355
9;474.16028939187527
9;484.3706600368023
9;478.4862045198679
9;475.1639515161514
9;467.29040052741766
9;470.53441125899553
9;477.9438450932503
9;475.48519261181355
9;469.06242333352566
9;470.54280154407024
9;470.34569177776575
9;468.02211459726095
9;473.3455879613757
9;472.25349955260754
9;468.96177157759666
9;472.6669695228338
9;469.9365021660924
9;523.7404284998775
9;476.2283405289054
9;480.52921891212463
9;470.8672007545829
9;463.63872569054365
9;478.14528830349445
9;475.2624789252877
9;478.72576769441366
9;483.35124738514423
9;474.9468779191375
9;472.3920803517103
9;478.27707324177027
9;484.73082203418016
9;469.03207153081894
9;472.5387841463089
9;465.8653987571597
9;471.86542861163616
9;473.7767642363906
9;470.33475898206234
9;467.20066107809544
9;480.05545418709517
9;473.1642473489046
9;470.0053436681628
9;462.6845568418503
9;466.53891261667013
9;482.1644453331828
9;471.7067005112767
9;472.6827461272478
9;473.95069524645805
9;471.9066545367241
9;477.5542439892888
9;467.42637548595667
9;473.00057485699654
9;477.3819772526622
9;476.8748013302684
9;469.5902457460761
9;468.11602264642715
9;473.78557454794645
9;471.1355157196522
9;467.5203785300255
9;469.17472314089537
9;469.64586060494184
9;471.05188481509686
9;474.1611210629344
9;462.9346467554569
9;472.7931711822748
9;477.20236517488956
9;465.1664914563298
9;472.7048743516207
9;472.5484158843756
9;474.40797835588455
9;475.55901762098074
9;477.88133285939693
9;471.80736903101206
9;469.8167834430933
9;473.87425042688847
9;478.82387414574623
9;476.56489443033934
9;471.84290643781424
9;476.19438357651234
9;467.60178823024035
9;475.299303419888
9;469.5469867438078
9;467.86163933575153
9;472.2716035321355
9;463.5829096660018
9;468.82279124110937
9;476.6697660088539
9;465.4596922919154
9;478.3787103369832
9;483.9228671044111
9;475.02235788851976
9;462.2799623757601
9;477.31750551611185
9;474.1950919851661
9;473.0390617623925
9;475.7936950773001
9;471.05651069432497
9;470.7389026880264
9;469.1618261858821
9;462.5545497983694
9;467.1113109216094
9;468.2112177833915
9;474.5486844331026
9;466.8565569445491
9;462.8922175616026
9;476.02720465511084
9;469.6546234190464
9;475.10102950036526
9;473.2707152143121
9;464.11454677581787
9;471.401977352798
9;460.27687285095453
9;473.0137540027499
9;468.7466835603118
9;469.8422970250249
9;462.9773236811161
9;525.20508505404
9;473.7519919872284
9;469.2530697211623
9;472.26898930966854
9;463.9767361804843
9;470.4257780686021
9;467.39051304757595
9;467.40773785859346
9;469.8388744145632
9;470.93768790364265
9;470.80787643790245
9;465.8514643087983
9;480.2495529875159
9;473.77983946353197
9;468.3418804779649
9;466.69931523501873
9;468.8590355217457
9;477.22476813942194
9;475.73916241526604
9;461.88190672546625
9;466.6840983554721
9;470.07659915834665
9;464.45278637111187
9;465.9304516389966
9;469.19742971658707
9;467.0090554282069
9;469.725345261395
9;464.0538189560175
9;464.7444812580943
9;464.6842600777745
9;464.56131618469954
9;467.128025367856
9;466.1498172208667
9;468.8697597011924
9;462.5817146152258
9;466.3010174408555
9;466.934971511364
9;467.5624817609787
9;466.51767659932375
9;461.7944424971938
9;466.4912689477205
9;472.47798182070255
9;479.60489336401224
9;468.34857761859894
9;478.81017066538334
9;478.1740540638566
9;469.7812804952264
9;473.7912295386195
9;476.71379428356886
9;472.5706735625863
9;474.7281977906823
9;470.79284954816103
9;482.4682315811515
9;476.6938267275691
9;467.0027932152152
9;471.98355849832296
9;478.2433807849884
9;471.94984648376703
9;473.50218519568443
9;466.9966045767069
9;472.74438105523586
9;472.0754651352763
9;475.123293697834
9;469.2953759804368
9;467.0495614409447
9;457.4972400441766
9;456.42930641770363
9;459.2906888574362
9;459.1331696137786
9;466.62137284874916
9;464.8797055706382
9;465.47788847237825
9;466.6003370657563
9;462.8726467490196
9;460.10490506887436
9;463.7531330808997
9;464.15826585143805
9;466.62766858935356
9;470.84558941423893
9;462.51393761485815
9;467.1542029827833
9;475.7532412186265
9;471.7638334259391
9;468.5177952051163
9;469.38634756952524
9;471.73868399113417
9;470.5708809196949
9;467.5334198400378
9;475.163490511477
9;473.36122393608093
9;468.11544336378574
9;473.24891202151775
9;472.76271041482687
9;467.99220610409975
9;466.8358350172639
9;472.40797989070415
9;473.4722366556525
9;469.44348607212305
9;479.4185720384121
9;464.5545855164528
9;479.96413707733154
9;471.9063322991133
9;468.42768136411905
9;472.8171192109585
9;478.19033544510603
9;473.97715598344803
9;463.80305103957653
9;478.0003661289811
9;463.601847179234
9;468.95574126392603
9;471.1523922160268
9;477.60159242898226
9;463.03631644696
9;464.46308121085167
9;470.29106970876455
9;466.83275420218706
9;469.02706287801266
9;473.3442347496748
9;459.81235057115555
9;473.246606066823
9;472.35142812132835
9;457.6263399794698
9;467.3614129424095
9;471.0702830925584
9;467.1675553545356
9;475.90536531060934
9;461.1551947891712
9;469.6281021460891
9;477.5044694542885
9;467.35507622361183
9;475.4028171300888
9;480.29066901654005
9;470.74359003454447
9;468.4705901890993
9;476.36729665100574
9;467.8853861987591
9;472.2377471625805
9;471.94363456219435
9;482.8338511288166
9;472.9524441063404
9;479.78768311440945
9;470.513379201293
9;468.7755052000284
9;471.00111469626427
9;481.14114440977573
9;478.4297673031688
9;473.95386826246977
9;469.33637745678425
9;480.69410026073456
9;479.6034498140216
9;470.41123267263174
9;472.06120379269123
9;465.54361283779144
9;474.8870665207505
9;474.92681071162224
9;473.42193126678467
9;473.5595481470227
9;473.2144018635154
9;473.20318780839443
9;472.3366117104888
9;473.66812638938427
9;473.29760156571865
9;471.9630004838109
9;478.69090642780066
9;471.88145481050014
9;466.37484431266785
9;475.278845988214
9;475.3681179136038
9;471.4743699878454
9;478.6141309887171
9;469.4534484297037
9;473.512246273458
9;464.83055036515
9;478.2157903537154
9;477.6709470897913
9;471.0604753345251
9;468.20283494889736
9;458.9751083403826
9;472.00906928628683
9;469.21838633716106
9;471.696013584733
9;468.75383984297514
9;471.14372346550226
9;477.1120576187968
9;465.0713764131069
9;466.9446870684624
9;465.4474025592208
9;469.1262198612094
9;475.7915288209915
9;470.39541229605675
9;459.48844123631716
9;458.34175404161215
9;468.9350463449955
9;460.6167273595929
9;469.42970156669617
9;468.6979353427887
9;473.14849868416786
9;471.633312292397
9;468.8719538971782
9;480.6676683947444
9;476.5164153650403
9;472.9505842551589
9;471.72532975673676
9;469.6689238771796
9;469.8280319571495
9;472.2846560180187
9;475.1244746148586
9;470.4567603766918
9;467.1320216730237
9;476.35992523282766
9;470.68342566490173
9;477.20911260694265
9;469.94086913764477
9;469.6046086028218
9;475.013829767704
9;475.2975543960929
9;466.566844843328
9;462.0146984234452
9;464.5348694175482
9;472.0855634659529
9;471.800628118217
9;467.712658457458
9;460.0625243037939
9;467.1622384339571
9;466.86291694641113
9;466.7737977579236
9;463.4245131164789
9;473.818551748991
9;465.8792559057474
9;466.7696375399828
9;463.2629584521055
9;466.68753027915955
9;468.16244162619114
9;463.2022213190794
9;463.35911750793457
9;463.83445244282484
9;474.4120938703418
9;471.4760174974799
9;469.8074636980891
9;473.94424956291914
9;478.6258675158024
9;465.97559098154306
9;464.6278051659465
9;477.8780834749341
9;467.9208677262068
9;470.6089738756418
9;465.08255507797
9;466.34210739284754
9;474.83094222843647
9;470.82913760095835
9;468.57118140906096
9;472.3055921494961
9;462.26763539016247
9;464.41327314823866
9;474.204464815557
9;462.8095645457506
9;473.32296520471573
9;465.1259919628501
9;474.6485650539398
9;474.5605671778321
9;472.10875898599625
9;474.47690460830927
9;466.5317190811038
9;469.0870987251401
9;471.0856955498457
9;467.9831899702549
9;475.6147116422653
9;472.5129697471857
9;465.8842133358121
9;515.7574554905295
9;466.5314946323633
9;462.897383607924
9;476.5856238082051
9;469.6395378559828
9;470.50704061985016
9;465.8610578626394
9;469.5095308125019
9;480.9930995106697
9;477.28911601006985
9;462.81628403812647
9;473.5926138237119
9;473.9508330821991
9;469.3272951990366
9;467.61890035122633
9;463.8607269152999
9;460.2272277697921
9;467.5817023962736
9;471.2495505809784
9;463.1842030212283
9;471.96564078330994
9;455.8288902044296
9;469.5190628990531
9;463.73521722853184
9;466.1450646817684
9;476.63251124322414
9;472.74967934936285
9;462.0257345959544
9;464.55790381878614
9;461.4141434431076
9;463.8879718258977
9;468.5841202735901
9;467.70326793193817
9;465.00982996076345
9;462.81722746789455
9;470.7390256226063
9;459.8679868504405
9;472.21643943339586
9;469.0527683123946
9;471.17355559021235
9;472.40926790982485
9;473.3826210722327
9;479.33448292315006
9;472.6777505129576
9;476.81862488389015
9;472.67113719135523
9;474.15808867663145
9;476.88429802656174
9;478.02146151661873
9;478.80461160093546
9;472.16568887233734
9;472.01638109982014
9;472.65378665179014
9;472.4273821339011
9;475.6592158228159
9;471.3072571903467
9;465.8071668818593
9;469.57406401634216
9;465.52146039903164
9;467.94380713254213
9;472.08927664905787
9;467.205504886806
9;467.73471869528294
9;471.72890417277813
9;467.9516237229109
9;466.33785776793957
9;464.10103514790535
9;464.0617622062564
9;460.8423300087452
9;469.39016226679087
9;468.7732458114624
9;470.63652984797955
9;469.21800170093775
9;466.82481560856104
9;463.69787864387035
9;477.2210055962205
9;469.2307449877262
9;475.4158863797784
9;474.9655555933714
9;471.1410729214549
9;478.8622194901109
9;474.73107650876045
9;478.83026394993067
9;475.360257551074
9;477.4865573272109
9;476.4511212706566
9;474.6699435636401
9;481.0866490006447
9;473.6549975350499
9;468.90601981431246
9;478.2705642282963
9;479.4187620282173
9;477.14213002473116
9;472.1124963834882
9;472.2641734406352
9;479.2093141004443
9;481.4006984233856
9;539.6509561687708
9;461.1605629324913
9;477.20127645879984
9;464.00543861091137
9;471.7723513022065
9;476.3663234189153
9;473.8002261146903
9;484.6142344176769
9;466.0738278180361
9;471.8646500259638
9;472.15103171765804
9;467.3181539401412
9;473.45022205263376
9;478.63990999758244
9;480.32281268388033
9;471.8133872374892
9;472.6375471800566
9;470.6065934151411
9;473.41793682426214
9;470.4003743827343
9;472.3219433799386
9;471.7359934002161
9;481.7172922194004
9;475.2494730055332
9;473.24293479323387
9;477.9552388936281
9;469.5908585563302
9;463.99890817701817
9;468.1481132283807
9;475.0600568950176
9;468.2414401322603
9;467.6596084609628
9;469.3209193646908
9;475.58429557830095
9;475.1578001305461
9;470.17321549355984
9;478.6478094756603
9;484.12457201629877
9;480.44622875750065
9;479.80750910937786
9;478.240474127233
9;472.9143222793937
9;472.9753443971276
9;468.4619726613164
9;472.8675587102771
9;470.3054875135422
9;473.93950540572405
9;469.04762275516987
9;468.69948878884315
9;471.1244301870465
9;472.58573677390814
9;472.17113710939884
9;466.6539840400219
9;471.38515021651983
9;470.8728902041912
9;478.6745421588421
9;469.4263283163309
9;473.82828034460545
9;478.53525448590517
9;466.475173830986
9;474.6528659015894
9;476.16222128272057
9;473.8592188805342
9;479.7190809622407
9;462.8842892125249
9;478.36446948349476
9;465.22172819823027
9;474.14024360477924
9;472.0272123813629
9;477.04062052071095
9;469.4126406684518
9;472.3773831501603
9;472.4914347752929
9;468.09121407568455
9;470.81469744443893
9;476.5106625854969
9;469.71018239855766
9;472.86210488528013
9;477.3323442786932
9;471.9679541885853
9;470.39588168263435
9;475.0111838802695
9;474.4613878428936
9;467.36533753573895
9;475.9155148640275
9;472.9883037507534
9;476.8924191594124
9;465.6282141804695
9;468.8281640410423
9;477.4737134575844
9;473.92065078020096
9;472.99014683812857
9;466.9486256316304
9;468.1003410369158
9;472.5835546851158
9;470.45930568128824
9;467.8888479247689
9;474.21655245125294
9;472.3307238891721
9;480.46915233135223
9;473.9988325163722
9;473.4846046194434
9;469.6448454633355
9;477.33882162719965
9;471.86392080038786
9;471.9278262928128
9;467.8419027477503
9;471.82932775467634
9;474.37471710145473
9;483.5457904264331
9;472.5165730342269
9;469.40716449171305
9;476.29993315786123
9;468.3383787050843
9;478.8944981992245
9;476.59590654075146
9;476.08447819948196
9;478.2151021063328
9;471.09920904040337
9;477.33479365706444
9;464.0080900862813
9;473.65266270935535
9;470.7193337380886
9;476.46200004965067
9;475.09253583848476
9;467.3482598736882
9;476.072883233428
9;469.7091253474355
9;468.1317051872611
9;475.2859268337488
9;468.6835454776883
9;473.2171334326267
9;477.9979381710291
9;473.3205009251833
9;465.253465808928
9;472.5835360586643
9;462.0793415233493
9;481.6568847745657
9;489.55055698752403
9;482.0812316611409
9;477.76904702186584
9;479.97346613556147
9;470.56649532169104
9;471.9043876975775
9;476.5662606805563
9;473.64140022546053
9;469.2637696862221
9;471.47472854703665
9;465.80173913389444
9;466.7128873988986
9;478.3419044688344
9;470.55006213486195
9;472.2405653446913
9;467.8358417004347
9;477.0738799124956
9;468.11480913311243
9;471.34613525122404
9;472.20691852271557
9;474.30416382849216
9;469.2424740642309
9;471.74291405826807
9;479.78075686842203
9;467.0532764866948
9;474.9209163710475
9;466.6226366534829
9;468.73589511960745
9;468.7443245202303
9;463.85141741484404
9;468.331478536129
9;474.26003217697144
9;469.4542344659567
9;463.8696685433388
9;479.3678419664502
9;472.572710365057
9;466.08290262520313
9;470.62270250171423
9;464.14793748408556
9;468.07853411883116
9;467.10578817874193
9;469.91170663386583
9;466.13648254424334
9;470.19745223224163
9;474.4097553193569
9;477.20758151263
9;468.9716985449195
9;475.37504974752665
9;474.1879003122449
9;478.76039519906044
9;473.13687670975924
9;476.1455934494734
9;475.9444920346141
9;470.1693654060364
9;469.7831990197301
9;476.80836729705334
9;477.1067462861538
9;470.13205476105213
9;469.46794260293245
9;466.7762164026499
9;464.62741680443287
9;466.1589153110981
9;475.4895521327853
9;463.46437372267246
9;463.3503006771207
9;466.9705545529723
9;474.7241586446762
9;466.01812448352575
9;468.0958306416869
9;480.12528475373983
9;470.1163275167346
9;469.1604385152459
9;466.9808177277446
9;471.98403533548117
9;477.2164085879922
9;477.36306488513947
9;492.00840294361115
9;484.7986651584506
9;476.9495436921716
9;480.6813159957528
9;472.7780148386955
9;468.63347478210926
9;477.45802998542786
9;469.0023334696889
9;470.82813549786806
9;470.40019650012255
9;473.2245272025466
9;467.2162225469947
9;478.13679557293653
9;468.45359262079
9;472.8045454248786
9;474.3778808042407
9;472.9128098115325
9;479.3381644412875
9;468.30492932349443
9;466.80722665041685
9;475.48137698322535
9;472.290575504303
9;468.16817857325077
9;464.4749592989683
9;463.7101199477911
9;467.19446685165167
9;471.6075584292412
9;465.36695770919323
9;467.3084653913975
9;462.78560999780893
9;473.0649907141924
9;464.85384460538626
9;469.81753408908844
9;473.771158605814
9;467.00289100408554
9;468.31003949046135
9;474.6816512197256
9;470.1589625328779
9;473.25187362730503
9;466.94044955074787
9;466.85367822647095
9;467.7470913156867
9;463.1480500102043
9;469.32668797671795
9;461.6574849933386
9;468.63627154380083
9;467.58186258375645
9;463.6236457154155
9;471.991378813982
9;470.30920535326004
9;473.4060652554035
9;463.2492670789361
9;477.9263250529766
9;466.5611796081066
9;471.99543099850416
9;509.3660894781351
9;479.88429572433233
9;459.2317873612046
9;461.29568200558424
9;468.42679753899574
9;465.6281527131796
9;467.43585728108883
9;466.6853426024318
9;469.06543243676424
9;466.1801652982831
9;464.81400541961193
9;467.61401928961277
9;472.9126738384366
9;473.1797752901912
9;460.18353942781687
9;476.99113097041845
9;474.99409038573503
9;468.56396086513996
9;466.72157663851976
9;462.53135334700346
9;465.5344318598509
9;475.89679434895515
9;473.88416063040495
9;476.75353568047285
9;474.97071884572506
9;471.78507316857576
9;479.6256870031357
9;476.9890634343028
9;477.1602787077427
9;462.0461193844676
9;469.5972129702568
9;472.4007770419121
9;478.656186722219
9;466.48433059453964
9;469.2716095596552
9;473.4979309141636
9;466.4823552593589
9;469.51131895184517
9;462.94184029102325
9;466.2749692797661
9;469.04614102095366
9;467.1069122850895
9;467.90912095457315
9;472.22492936998606
9;471.126745454967
9;475.828779861331
9;463.63951824605465
9;472.5395543500781
9;470.7246907055378
9;476.0490944609046
9;470.96944600343704
9;476.3841424137354
9;464.6736364811659
9;457.34054408967495
9;473.4674794599414
9;468.2959970086813
9;481.6626347601414
9;471.4458426460624
9;473.5876265913248
9;474.2483524605632
9;471.8194203451276
9;464.14097119122744
9;478.9775460958481
9;467.93927624821663
9;470.8080030977726
9;476.70723404735327
9;470.0881913304329
9;465.92605020850897
9;467.2069223597646
9;461.9051367044449
9;473.2615081593394
9;475.3080662339926
9;473.57159946113825
9;466.0232337191701
9;472.8907160460949
9;470.80696281045675
9;472.47982677072287
9;468.9863109961152
9;456.0479763895273
9;473.37394021451473
9;468.68809033185244
9;472.9360928758979
9;461.45249251276255
9;462.727434001863
9;470.8981728181243
9;463.6248806491494
9;479.11811526864767
9;474.8924430459738
9;474.02714658528566
9;475.61438754200935
9;473.2167925685644
9;475.9187512099743
9;481.30506556481123
9;474.17750488966703
9;470.6746321171522
9;466.74171555787325
9;479.24950532615185
9;471.24767396599054
9;516.7395574972034
9;470.7774231210351
9;468.29966735094786
9;464.90631625056267
9;471.47081326693296
9;464.64532520622015
9;470.9222000092268
9;474.3886524811387
9;466.0475626587868
9;466.0380333662033
9;466.3005229085684
9;463.33124302327633
9;466.4054187014699
9;468.4470798820257
9;466.1787794902921
9;468.63414719700813
9;460.6794808059931
9;471.9700291752815
9;466.9753788039088
9;473.4773589298129
9;468.10106467455626
9;475.4035612568259
9;473.90875313431025
9;472.9849398136139
9;457.8202674165368
9;480.62928672879934
9;464.9547953158617
9;473.808360286057
9;474.18088279664516
9;473.5075319185853
9;469.28217727690935
9;467.8019667044282
9;460.1345043629408
9;462.4918829649687
9;461.2895715981722
9;455.94268199056387
